1034,Rell,sw5100.law.1.0,Rell-sw5100.law.1.0-dev-CS13.xml,sw5100.law.1.0,Rell-sw5100.law.1.0-dev-CS13-Power-Optimization.xml,2025/1/4 15:02,
1035,Ape_Tutor,Turbox-Snapdragon_Mid_2021_LE_CSS.SPF.1.0,qcom-base/Snapdragon_Mid_2021_LE_CSS.SPF.1.0-r1.0_00019.0.xml,Turbox-Snapdragon_Mid_2021_LE_CSS.SPF.1.0,Ape_Tutor-c6115-le1.0-dev.xml,2025/1/7 10:36,
1036,Cres_Phenix,Cres_Phenix-QCS8250.LA.2.0,mdep-base/mdep-release-2024.3.dec.xml,Cres_Phenix-QCS8250.LA.2.0,Cres_Phenix-c865-la2.0-mdep.xml,2025/1/7 16:24,
1037,Occhi,Turbox-QCM6125.LA.5.0,qcom-base/QCM6125.LA.5.0-vendor-r00005.2.xml,Turbox-QCM6125.LA.5.0,Occhi-cm6125-la5.0-vendor-dev.xml,2025/1/10 9:25,
1038,Occhi,Turbox-QCM6125.LA.5.0,qcom-base/QCM6125.LA.5.0-qssi15-r00005.2.xml,Turbox-QCM6125.LA.5.0,Occhi-cm6125-la5.0-qssi15-dev.xml,2025/1/10 9:26,
1039,Pre_Foresight,Turbox-Hamoa.WP.1.0,qcom-base/Hamoa.WP.1.0-r07200.1.xml,Turbox-Hamoa.WP.1.0,Foresight-sc8340xp-wp.1.0-dev.xml,2025/1/13 17:20,
1040,NEXT,Turbox-QCM6490.LA.3.2,qcom-base/QCM6490.LA.3.2-vendor-r00042.1a.xml,Turbox-QCM6490.LA.3.2,Next-c6490-la3.2-vendor-dev.xml,2025/1/14 13:45,
1041,NEXT,Turbox-QCM6490.LA.3.2,qcom-base/QCM6490.LA.3.2-qssi13-r00042.1a.xml,Turbox-QCM6490.LA.3.2,Next-c6490-la3.2-qssi13-dev.xml,2025/1/14 13:45,
1042,Plum,Turbox-QCM6490.LA.2.0,daily/plum-c6490-la2.0-qssi12-r00015.1-NOKIA_EEA/static.daily.plum-c6490-la2.0-qssi12-r00015.1-NOKIA_EEA-20241217.1624.xml,Turbox-QCM6490.LA.2.0,plum-c6490-la2.0-qssi12-r00015.1-NOKIA_EEA-20241217.1624-CTS-TMP,2025/1/16 17:22,
1043,Plum,Turbox-QCM6490.LA.2.0,daily/plum-c6490-la2.0-vendor-qssi11-NOKIA_EEA/static.daily.plum-c6490-la2.0-vendor-qssi11-NOKIA_EEA-20241217.1624.xml,Turbox-QCM6490.LA.2.0,plum-c6490-la2.0-vendor-qssi11-NOKIA_EEA-20241217.1624-CTS-TMP,2025/1/16 17:23,
1044,Plum,Turbox-QCM6490.LA.2.0,daily/plum-c6490-la2.0-qssi12-r00015.1-NOKIA_B68_EEA/static.daily.plum-c6490-la2.0-qssi12-r00015.1-NOKIA_B68_EEA-20241217.1625.xml,Turbox-QCM6490.LA.2.0,plum-c6490-la2.0-qssi12-r00015.1-NOKIA_B68_EEA-20241217.1625-CTS-TMP,2025/1/16 17:25,
1045,Plum,Turbox-QCM6490.LA.2.0,daily/plum-c6490-la2.0-vendor-qssi11-NOKIA_B68_EEA/static.daily.plum-c6490-la2.0-vendor-qssi11-NOKIA_B68_EEA-20241217.1625.xml,Turbox-QCM6490.LA.2.0,plum-c6490-la2.0-vendor-qssi11-NOKIA_B68_EEA-20241217.1625-CTS-TMP,2025/1/16 17:25,
1046,Rell,sw5100.law.1.0,daily/Rell-sw5100.law.1.0-dev-CS13/static.daily.Rell-sw5100.law.1.0-dev-CS13-20241210.0217.userdebug.xml,sw5100.law.1.0,Rell-sw5100.law.1.0-dev-CS13-Factory.xml,2025/1/17 14:37,
1047,ShaHeShang,Turbox-Snapdragon_Mid_2022.SPF.2.0,daily/Shaheshang-snapdragon_mid_2022_spf.2.0-qssi14-dev/static.daily.Shaheshang-snapdragon_mid_2022_spf.2.0-qssi14-dev-20250116.0213.user.xml,Turbox-Snapdragon_Mid_2022.SPF.2.0,Shaheshang-snapdragon_mid_2022_spf.2.0-qssi14-dev-20250116.xml,2025/1/17 16:47,
1048,ShaHeShang,Turbox-Snapdragon_Mid_2022.SPF.2.0,daily/Shaheshang-snapdragon_mid_2022_spf.2.0-vendor-dev/static.daily.Shaheshang-snapdragon_mid_2022_spf.2.0-vendor-dev-20250116.0213.user.xml,Turbox-Snapdragon_Mid_2022.SPF.2.0,Shaheshang-snapdragon_mid_2022_spf.2.0-vendor-dev-20250116.xml,2025/1/17 16:48,
1049,TrainNavi_Audio,Turbox-QCM6125.LA.1.0,turbox-c6125-la1.0-dev.release.CS1.r002008.xml,Turbox-QCM6125.LA.1.0,TrainNavi_Audio-c6125-la1.0-dev.xml,2025/1/23 11:06,
1050,Matterhorn,Turbox-Hamoa.WP.1.0,Running-sc8380xp-wp.1.0-dev.xml,Turbox-Hamoa.WP.1.0,Matterhorn-Wos8380-pod-wp.1.0-dev.xml,2025/1/23 15:53,
1051,Cosmetic,Turbox-QCS8550.LE.1.0,release/turbox-c8550-le1.0-dev.release.FC.r001004/static.daily.turbox-c8550-le1.0-dev.release.FC.r001004-20241021.1226.debug.xml,Turbox-QCS8550.LE.1.0,Cosmetic-turbox-c8550-le1.0-dev.xml,2025/2/21 15:36,
1052,Cosmetic,Turbox-QCS8550.UBUN.1.0,turbox-qcs8550-lu1.0-dev.release.ES.r000001.xml,Turbox-QCS8550.UBUN.1.0,Cosmetic-turbox-qcs8550-lu1.0,2025/2/24 10:26,
1053,Vex,Turbox-Snapdragon_Mid_2022.SPF.2.0,Vex-snapdragon_mid_2022_spf.2.0-vendor-SM6115-dev.xml,Turbox-Snapdragon_Mid_2022.SPF.2.0,Vex-snapdragon_mid_2022_spf.2.0-vendor-SM6115-factory.xm,2025/2/25 15:46,
1054,Vex,Turbox-Snapdragon_Mid_2022.SPF.2.0,Vex-snapdragon_mid_2022_spf.2.0-qssi14-dev.xml,Turbox-Snapdragon_Mid_2022.SPF.2.0,Vex-snapdragon_mid_2022_spf.2.0-qssi14-factory.xml,2025/2/25 15:47,
1055,Pre_Blink2,Turbox-QCM6490.LA.3.1,mdep-base/mdep-release-2024.4.feb.xml,Turbox-QCM6490.LA.3.1,BlinkII_Console-c6490-la3.1-mdep-2024.4.feb.xml,2025/2/27 10:21,
1056,Pre_SD2401,SD2401-QCS8550.LE.1.0,qcom-base/QCS8550.LE.1.0-r00087.1.xml,SD2401-QCS8550.LE.1.0,SD2401-c8550-le1.0-r00087.1.xml,2025/3/3 9:44,
1057,Redboy,Turbox-QCM6490.LA.5.0,qcom-base/QCM6490.LA.5.0_amss_standard_oem-qssi15-r00042.1.xml,Turbox-QCM6490.LA.5.0,Common-qssi15-dev.xml,2025/3/4 10:44,
1058,Redboy,Turbox-QCM6490.LA.5.0,qcom-base/QCM6490.LA.5.0_amss_standard_oem-vendor-r00042.1.xml,Turbox-QCM6490.LA.5.0,Common-QCM6490-LA5.0-vendor-dev.xml,2025/3/4 10:48,
1059,ShaHeShang,Turbox-Snapdragon_Mid_2022.SPF.2.0,./Shaheshang-snapdragon_mid_2022_spf.2.0-qssi14-dev.xml,Turbox-Snapdragon_Mid_2022.SPF.2.0,Shaheshang-snapdragon_mid_2022_spf.2.0-qssi14-release.xml,2025/3/4 16:22,
1060,ShaHeShang,Turbox-Snapdragon_Mid_2022.SPF.2.0,./Shaheshang-snapdragon_mid_2022_spf.2.0-vendor-dev.xml,Turbox-Snapdragon_Mid_2022.SPF.2.0,Shaheshang-snapdragon_mid_2022_spf.2.0-vendor-release.xml,2025/3/4 16:24,
1061,NEXT,Turbox-QCM6490.LA.3.2,qcom-base/QCM6490.LA.3.2-vendor-r00042.1a.xml,Turbox-QCM6490.LA.3.2,Next-For-QC-c6490-la3.2-vendor-dev.xml,2025/3/5 16:48,
1062,M12_Konira,Turbox-SDX12.LE.1.0,Turbox-M12-LE1.0-M.2-dev-GEN.xml,Turbox-SDX12.LE.1.0,Turbox-M12-LE1.0-M.2-dev-RMN,2025/3/10 15:41,
1063,Redboy,Turbox-QCM6490.LA.5.0,Common-QCM6490-LA5.0-vendor-dev.xml,Turbox-QCM6490.LA.5.0,Redboy-QCM6490-LA5.0-vendor-dev.xml,2025/3/11 13:32,
1064,Redboy,Turbox-QCM6490.LA.5.0,Common-qssi15-dev.xml,Turbox-QCM6490.LA.5.0,Redboy-qssi15-dev.xml,2025/3/11 13:33,
1065,Lumo_PoC,Turbox-QCM8550.LA.1.0,Lumo-qcm8550-la1.0-qssi-evt.xml,Turbox-QCM8550.LA.1.0,Lumo-qcm8550-la1.0-qssi-evt2.xml,2025/3/12 9:47,
1066,Lumo_PoC,Turbox-QCM8550.LA.1.0,Lumo-qcm8550-la1.0-le-evt.xml,Turbox-QCM8550.LA.1.0,Lumo-qcm8550-la1.0-le-evt2.xml,2025/3/12 9:47,
1067,Lumo_PoC,Turbox-QCM8550.LA.1.0,Lumo-qcm8550-la1.0-vendor-evt.xml,Turbox-QCM8550.LA.1.0,Lumo-qcm8550-la1.0-vendor-evt2.xml,2025/3/12 9:48,
1068,SupsupCharger,Turbox-QCS40x_2021.SPF.1.3,turbox-c404-le1.3-dev.xml,Turbox-QCS40x_2021.SPF.1.3,SupsupCharger-c404-le1.3-dev,2025/3/13 15:01,
1069,Redboy,Turbox-QCM6490.LA.5.0,Redboy-QCM6490-LA5.0-vendor-dev.xml,Turbox-QCM6490.LA.5.0,Redboy-QCM6490-LA5.0-vendor-RUS-dev.xml,2025/3/14 11:12,
1070,Redboy,Turbox-QCM6490.LA.5.0,Redboy-qssi15-dev.xml,Turbox-QCM6490.LA.5.0,Redboy-qssi15--RUS-dev.xml,2025/3/14 11:13,
1071,Redboy,Turbox-QCM6490.LA.5.0,Redboy-QCM6490-LA5.0-vendor-dev.xml,Turbox-QCM6490.LA.5.0,Redboy-QCM6490-LA5.0-vendor-EEA-dev.xml,2025/3/14 11:18,
1072,Redboy,Turbox-QCM6490.LA.5.0,Redboy-qssi15-dev.xml,Turbox-QCM6490.LA.5.0,Redboy-qssi15-EEA-dev.xml,2025/3/14 11:18,
1073,Redboy,Turbox-QCM6490.LA.5.0,Redboy-QCM6490-LA5.0-vendor-dev.xml,Turbox-QCM6490.LA.5.0,Redboy-QCM6490-LA5.0-vendor-factory.xml,2025/3/14 11:18,
1074,Redboy,Turbox-QCM6490.LA.5.0,Redboy-qssi15-dev.xml,Turbox-QCM6490.LA.5.0,Redboy-qssi15-factory.xml,2025/3/14 11:19,
1075,CROWN,Turbox-QCM6490.LA.3.2,qcom-base/QCM6490.LA.3.2-vendor-r00042.1a.xml,Turbox-QCM6490.LA.3.2,CROWN-c6490-la3.2-vendor-dev,2025/3/14 16:32,
1076,CROWN,Turbox-QCM6490.LA.3.2,qcom-base/QCM6490.LA.3.2-qssi13-r00042.1a.xml,Turbox-QCM6490.LA.3.2,CROWN-c6490-la3.2-qssi13-dev,2025/3/14 16:31,
1077,Hyland,Turbox-Snapdragon_Mid_2022.SPF.2.0,Hyland-Pnc660-qssi14-dev.xml,Turbox-Snapdragon_Mid_2022.SPF.2.0,Hyland-Pnc660-qssi14-CTA.xml,2025/3/20 11:13,
1078,Hyland,Turbox-QCM6490.LA.4.0,Hyland-Pnc660-vendor-dev.xml,Turbox-QCM6490.LA.4.0,Hyland-Pnc660-vendor-CTA.xml,2025/3/20 11:12,
1079,Pre_Mirth02,Turbox-QCM6125.LA.5.0,qcom-base/QCM6125.LA.5.0-vendor-r00005.2.xml,Turbox-QCM6125.LA.5.0,Pre_Mirth02-qcm6125-la.5.0-vendor.xml,2025/3/24 14:40,
1080,Pre_Mirth02,Turbox-QCM6125.LA.5.0,qcom-base/QCM6125.LA.5.0-qssi15-r00005.2.xml,Turbox-QCM6125.LA.5.0,Pre_Mirth02-qcm6125-la.5.0-qssi.xml,2025/3/24 14:40,
1081,ATE_Phil,Turbox-Qualcomm_Linux.SPF.1.0,qcom-base/Qualcomm_Linux.SPF.1.0-r1.0_00068.0_temp.xml,Turbox-Qualcomm_Linux.SPF.1.0,ATE_Phil-c6490-le1.0-dev.xml,2025/3/26 14:40,
1082,Hyland,Turbox-QCM6490.LA.4.0,Hyland-Pnc660-vendor-dev.xml,Turbox-QCM6490.LA.4.0, Hyland-Pnc660-vendor-call.xml,2025/3/28 11:45,
1083,Hyland,Turbox-Snapdragon_Mid_2022.SPF.2.0,Hyland-Pnc660-qssi14-dev.xml,Turbox-Snapdragon_Mid_2022.SPF.2.0, Hyland-Pnc660-qssi14-call.xml,2025/3/28 11:46,
1084,Cantil,Turbox-QCM6490.LA.3.2,qcom-base/QCM6490.LA.3.2-vendor-r00050.1a.xml,Turbox-QCM6490.LA.3.2,Cantil-c6490-la3.2-vendor-dev,2025/3/31 10:16,
1085,M12_Konira,Turbox-SDX12.LE.1.0,Turbox-M12-LE1.0-M.2-dev-GEN.xml,Turbox-SDX12.LE.1.0,Turbox-M12-LE1.0-M.2-general,2025/4/3 15:12,
1086,Puzzle_EV1,Snapdragon_Premium_High_2023.SPF.1.0,qcom-base/Snapdragon_Premium_High_2023.SPF.1.0-vendor-r1.0.r1_00044.0.xml,Snapdragon_Premium_High_2023.SPF.1.0,Puzzle-Snapdragon_Premium_High_2023.SPF.1.0-vendor-dev-r1.0.r1_00044.0.xml,2025/4/8 11:26,
1087,Puzzle_EV1,Snapdragon_Premium_High_2023.SPF.1.0,qcom-base/Snapdragon_Premium_High_2023.SPF.1.0-le-r1.0.r1_00044.0.xml,Snapdragon_Premium_High_2023.SPF.1.0,Puzzle-Snapdragon_Premium_High_2023.SPF.1.0-le-dev-r1.0.r1_00044.0.xml,2025/4/8 11:29,
1088,Puzzle_EV1,Snapdragon_Premium_High_2023.SPF.1.0,qcom-base/Snapdragon_Premium_High_2023.SPF.1.0-qssi-r1.0.r1_00044.0.xml,Snapdragon_Premium_High_2023.SPF.1.0,Puzzle-Snapdragon_Premium_High_2023.SPF.1.0-qssi-dev-r1.0.r1_00044.0.xml,2025/4/8 11:31,
1089,Capetown,Turbox-QCS8550.LE.1.0,qcom-base/QCS8550.LE.1.0-r00095.1.xml,Turbox-QCS8550.LE.1.0,capetown-c8550.LE.1.0-dev.xml,2025/4/9 19:01,
1090,xiaoPing_Island,Turbox-Snapdragon_Premium_High_2024.SPF.1.0,xiaoPing_Island-sm8750-la1.0-le-dev.xml,Turbox-Snapdragon_Premium_High_2024.SPF.1.0,xiaoPing_Island-sm8750-la1.0-le-dev-back.xml,2025/4/11 13:54,
1091,xiaoPing_Island,Turbox-Snapdragon_Premium_High_2024.SPF.1.0,xiaoPing_Island-sm8750-la1.0-qssi15-dev.xml,Turbox-Snapdragon_Premium_High_2024.SPF.1.0,xiaoPing_Island-sm8750-la1.0-qssi15-dev-back.xml,2025/4/11 13:55,
1092,xiaoPing_Island,Turbox-Snapdragon_Premium_High_2024.SPF.1.0,xiaoPing_Island-sm8750-la1.0-vendor-dev.xml,Turbox-Snapdragon_Premium_High_2024.SPF.1.0,xiaoPing_Island-sm8750-la1.0-vendor-dev-back.xml,2025/4/11 13:56,
1093,Poc_9100M_DK,Turbox-Qualcomm_Linux.SPF.1.0,qcom-base/Qualcomm_Linux.SPF.1.0-r1.0_00075.0.xml,Turbox-Qualcomm_Linux.SPF.1.0,turbox-qcs9100-le1.0-r1.0_00075.0-dev.xml,2025/4/14 10:32,
1094,Rob_Earth,Turbox-Qualcomm_Linux.SPF.1.0,qcom-base/Qualcomm_Linux.SPF.1.0-r1.0_00075.0.xml,Turbox-Qualcomm_Linux.SPF.1.0,Rob-Earth-qcs9100-le1.0-r1.0_00075.0-dev.xml,2025/4/14 10:34,
1095,Hyland,Turbox-QCM6490.LA.4.0,Hyland-Pnc660-vendor-factory.xml,Turbox-QCM6490.LA.4.0,Hyland-Pnc660-vendor-factory-com.xml,2025/4/16 18:25,
1096,Hyland,Turbox-Snapdragon_Mid_2022.SPF.2.0,Hyland-Pnc660-qssi14-factory.xml,Turbox-Snapdragon_Mid_2022.SPF.2.0,Hyland-Pnc660-qssi14-factory-com.xml,2025/4/16 18:26,
1097,ErebusII,Turbox-Qualcomm_Linux.SPF.1.0,qcom-base/Qualcomm_Linux.SPF.1.0-r1.0_00075.0.xml,Turbox-Qualcomm_Linux.SPF.1.0,ErebusII-c6490-le1.0-0075-dev,2025/4/21 15:27,
1098,Graph,Turbox-Snapdragon_Premium_High_2022.SPF.1.0,Graph-Snapdragon_Premium_High_2022.SPF.1.0-qssi.xml,Turbox-Snapdragon_Premium_High_2022.SPF.1.0,Graph-Snapdragon_Premium_High_2022.SPF.1.0-ar11-qssi,2025/4/22 20:16,
1099,Graph,Turbox-Snapdragon_Premium_High_2022.SPF.1.0,Graph-Snapdragon_Premium_High_2022.SPF.1.0-vendor.xml,Turbox-Snapdragon_Premium_High_2022.SPF.1.0,Graph-Snapdragon_Premium_High_2022.SPF.1.0-ar11-vendor,2025/4/22 20:16,
1100,RVPad_C6490_IoTAuto,Turbox-QCM6490.LA.4.0,rvpad-c6490-la4.0-vendor-dev.xml,Turbox-QCM6490.LA.4.0,rvpad2-c6490-la4.0-vendor-dev.xml,2025/4/24 11:36,
1101,xiaoPing_Island,Turbox-Snapdragon_Premium_High_2024.SPF.1.0,qcom-base/Snapdragon_Premium_High_2024.SPF.1.0-le-r1.0.r1_00044.1.xml,Turbox-Snapdragon_Premium_High_2024.SPF.1.0,xiaoPing_Island-sm8750-la1.0-le-r1.0.r1_00044.1.xml,2025/4/27 11:42,
1102,xiaoPing_Island,Turbox-Snapdragon_Premium_High_2024.SPF.1.0,qcom-base/Snapdragon_Premium_High_2024.SPF.1.0-qssi15-r1.0.r1_00044.1.xml,Turbox-Snapdragon_Premium_High_2024.SPF.1.0,xiaoPing_Island-sm8750-la1.0-qssi15-r1.0.r1_00044.1.xml,2025/4/27 11:43,
1103,xiaoPing_Island,Turbox-Snapdragon_Premium_High_2024.SPF.1.0,qcom-base/Snapdragon_Premium_High_2024.SPF.1.0-vendor-r1.0.r1_00044.1.xml,Turbox-Snapdragon_Premium_High_2024.SPF.1.0,xiaoPing_Island-sm8750-la1.0-vendor-r1.0.r1_00044.1.xml,2025/4/27 11:44,
1104,VisionFlow,Turbox-Snapdragon_Premium_High_2024.SPF.1.0,qcom-base/Snapdragon_Premium_High_2024.SPF.1.0-vendor-r1.0.r1_00041.1.xml,Turbox-Snapdragon_Premium_High_2024.SPF.1.0,VisionFlow-sa8750-la1.0-vendor-dev.xml,2025/4/28 19:19,
1105,VisionFlow,Turbox-Snapdragon_Premium_High_2024.SPF.1.0,qcom-base/Snapdragon_Premium_High_2024.SPF.1.0-qssi15-r1.0.r1_00041.1.xml,Turbox-Snapdragon_Premium_High_2024.SPF.1.0,VisionFlow-sa8750-la1.0-qssi15-dev.xml,2025/4/28 19:05,
1106,VisionFlow,Turbox-Snapdragon_Premium_High_2024.SPF.1.0,qcom-base/Snapdragon_Premium_High_2024.SPF.1.0-le-r1.0.r1_00041.1.xml,Turbox-Snapdragon_Premium_High_2024.SPF.1.0,VisionFlow-sa8750-la1.0-le-dev.xml,2025/4/28 19:05,
1107,Occhi,Turbox-QCM6125.LA.1.0,daily/Occhi-trunk-cm6125-la1.0-dev/static.daily.Occhi-trunk-cm6125-la1.0-dev-20240803.0022.xml,Turbox-QCM6125.LA.1.0,Occhi-trunk-cm6125-la1.0-dev-5.6.1.xml,2025/4/29 12:11,
1108,Wear_TickTock,Turbox-SW5100.LAW.1.1,wear_ticktock-sw5100-law1.1-dev.xml,Turbox-SW5100.LAW.1.1,wear_ticktock-sw5100-law1.1-release.xml,2025/5/6 11:40,
1109,Hex,Turbox-QCM6490.LA.4.0,Common-QCM6490-la4.0-vendor-dev.xml,Turbox-QCM6490.LA.4.0,Hex-Pnc660ex-vendor-dev.xml,2025/5/6 14:51,
1110,Hex,Turbox-Snapdragon_Mid_2022.SPF.2.0,Common-snapdragon_mid_2022_spf.2.0-qssi14-dev.xml,Turbox-Snapdragon_Mid_2022.SPF.2.0,Hex-Pnc660ex-qssi14-dev.xml,2025/5/6 14:52,
1111,Topaz,Turbox-QCM8550.LA.1.1,qcom-base/QCM8550.LA.1.1-qssi13-r00049.2.xml,Turbox-QCM8550.LA.1.1,Topaz-qcm8550-la.1.1-qssi13-dev,2025/5/9 10:37,
1112,Topaz,Turbox-QCM8550.LA.1.1,qcom-base/QCM8550.LA.1.1-vendor-r00049.2.xml,Turbox-QCM8550.LA.1.1,Topaz-qcm8550-la.1.1-vendor-dev,2025/5/9 10:41,
1113,Topaz,Turbox-QCM8550.LA.1.1,qcom-base/QCM8550.LA.1.1-le-r00049.2.xml,Turbox-QCM8550.LA.1.1,Topaz-qcm8550-la.1.1-le-dev,2025/5/9 10:43,
1114,UTA,UTA-QCS8550.LE.1.0,UTA-c8550-le1.0-dev.xml,UTA-QCS8550.LE.1.0,UTA-Ryoma_BRB-c8550-le1.0-dev.xml,2025/5/16 13:52,
1115,Dodo,Turbox-Snapdragon_Mid_2022.SPF.2.0,qcom-base/Snapdragon_Mid_2022.SPF.2.0-vendor-r2.0_00017.0.xml,Turbox-Snapdragon_Mid_2022.SPF.2.0,Dodo-snapdragon_mid_2022_spf.2.0-qssi14-dev.xml,2025/5/19 10:57,
1116,Dodo,Turbox-Snapdragon_Mid_2022.SPF.2.0,qcom-base/Snapdragon_Mid_2022.SPF.2.0-qssi14-r2.0_00017.0.xml,Turbox-Snapdragon_Mid_2022.SPF.2.0,Dodo-snapdragon_mid_2022_spf.2.0-vendor-dev.xml,2025/5/19 10:57,
1117,Hyland,Turbox-QCM6490.LA.4.0,Hyland-Pnc660-vendor-dev.xml,Turbox-QCM6490.LA.4.0,Hyland-Pnc660-vendor-call-dev.xml,2025/5/19 11:12,
1118,Hyland,Turbox-Snapdragon_Mid_2022.SPF.2.0,Hyland-Pnc660-qssi14-dev.xml,Turbox-Snapdragon_Mid_2022.SPF.2.0,Hyland-Pnc660-qssi14-call-dev.xml,2025/5/19 11:12,
1119,TurboX_T72GM,Turbox-T7x.LE.1.0,turbox-t75-le1.0-dev.xml,Turbox-T7x.LE.1.0,turbox-t75-le1.0-mexus.xml  ,2025/5/19 17:55,
1120,Pre_Cres_Phenix,Cres_Phenix-QCS8250.LA.2.0,Cres_Phenix-c865-la2.0-aiop.xml,Cres_Phenix-QCS8250.LA.2.0,Cres_Phenix-c865-la2.0-aiop-oldapk.xml,2025/5/20 11:11,
1121,Plum,Turbox-QCM6490.LA.2.0,daily/Plum-c6490-la2.0-Uosv-vendor-RG540_NOKIA_ROW/static.daily.Plum-c6490-la2.0-Uosv-vendor-RG540_NOKIA_ROW-20250429.1141.user.xml,Turbox-QCM6490.LA.2.0,Plum-c6490-la2.0-Uosv-vendor-RG540_ROW.xml,2025/5/20 18:08,
1122,Plum,Turbox-Snapdragon_Mid_2022.SPF.2.0,daily/RugGear-Plum-qssi14-RG540_NOKIA_ROW/static.daily.RugGear-Plum-qssi14-RG540_NOKIA_ROW-20250429.1141.user.xml,Turbox-Snapdragon_Mid_2022.SPF.2.0,RugGear-Plum-qssi14-RG540_ROW.xml,2025/5/20 18:08,
1123,Plum,Turbox-QCM6490.LA.2.0,daily/Plum-c6490-la2.0-Uosv-vendor-NOKIA_EEA/static.daily.Plum-c6490-la2.0-Uosv-vendor-NOKIA_EEA-20250513.1027.user.xml,Turbox-QCM6490.LA.2.0,Plum-c6490-la2.0-Uosv-vendor_EEA.xml,2025/5/20 18:07,
1124,Plum,Turbox-Snapdragon_Mid_2022.SPF.2.0,daily/RugGear-Plum-qssi14-NOKIA_EEA/static.daily.RugGear-Plum-qssi14-NOKIA_EEA-20250513.1802.user.xml,Turbox-Snapdragon_Mid_2022.SPF.2.0,RugGear-Plum-qssi14_EEA.xml,2025/5/20 18:09,
1125,Dodo,Turbox-IOT_High_Mid_2024.SPF.1.0,qcom-base/IOT_High_Mid_2024.SPF.1.0-qssi14-r1.0_00016.0.xml,Turbox-IOT_High_Mid_2024.SPF.1.0,Dodo-iot_high_mid_2024_spf.1.0-qssi14-dev.xml,2025/5/22 9:54,
1126,Dodo,Turbox-IOT_High_Mid_2024.SPF.1.0,qcom-base/IOT_High_Mid_2024.SPF.1.0-vendor-r1.0_00016.0.xml,Turbox-IOT_High_Mid_2024.SPF.1.0,Dodo-iot_high_mid_2024_spf.1.0-vendor-dev.xml,2025/5/22 9:55,
1127,Plum,Turbox-Snapdragon_Mid_2022.SPF.2.0,daily/RugGear-Plum-qssi14-NOKIA_EEA/static.daily.RugGear-Plum-qssi14-NOKIA_EEA-20250513.1027.userdebug.xml,Turbox-Snapdragon_Mid_2022.SPF.2.0,RugGear-Plum-qssi14-NOKIA_EEA-20250513.1027-CTS-Tmp,2025/5/23 12:12,
1128,Plum,Turbox-QCM6490.LA.2.0,daily/Plum-c6490-la2.0-Uosv-vendor-NOKIA_EEA/static.daily.Plum-c6490-la2.0-Uosv-vendor-NOKIA_EEA-20250513.1027.user.xml,Turbox-QCM6490.LA.2.0,Plum-c6490-la2.0-Uosv-vendor-NOKIA_EEA-20250513.1027-CTS-Tmp,2025/5/23 12:11,
1129,Plum,Turbox-Snapdragon_Mid_2022.SPF.2.0,daily/RugGear-Plum-qssi14-NOKIA_B68_EEA/static.daily.RugGear-Plum-qssi14-NOKIA_B68_EEA-20250513.1027.userdebug.xml,Turbox-Snapdragon_Mid_2022.SPF.2.0,RugGear-Plum-qssi14-NOKIA_B68_EEA-20250513.1027-CTS-Tmp,2025/5/23 12:14,
1130,Plum,Turbox-QCM6490.LA.2.0,daily/Plum-c6490-la2.0-Uosv-vendor-NOKIA_B68_EEA/static.daily.Plum-c6490-la2.0-Uosv-vendor-NOKIA_B68_EEA-20250513.1027.userdebug.xml,Turbox-QCM6490.LA.2.0,Plum-c6490-la2.0-Uosv-vendor-NOKIA_B68_EEA-20250513.1027-CTS-Tmp,2025/5/23 12:16,
1131,video,Turbox-QCM6490.LA.3.1,MDEP-c6490p-la3.1-mdep-dev.xml,Turbox-QCM6490.LA.3.1,video-c6490p-la3.1-mdep-dev.xml,2025/5/28 16:35,
1132,video,Turbox-QCM6490.LA.3.1,MDEP-c6490p-la3.1-vendor-dev.xml,Turbox-QCM6490.LA.3.1,video-c6490p-la3.1-vendor-dev.xml,2025/5/28 16:36,
1133,Zing_OTA,Turbox-Snapdragon_High_2019.SPF.3.0,daily/Zing-sm7125-la3.0-launcher/static.daily.Zing-sm7125-la3.0-launcher-com-EU-20250429.1828.xml,Turbox-Snapdragon_High_2019.SPF.3.0,Zing-sm7125-la3.0-launcher-com-EU-OTA10,2025/6/4 10:28,
1134,Occhi_OSV,Turbox-QCM6125.LA.5.0,Occhi-cm6125-la5.0-qssi15-dev.xml,Turbox-QCM6125.LA.5.0,Occhi-cm6125-la5.0-qssi15-factory.xml,2025/6/4 11:26,
1135,Occhi_OSV,Turbox-QCM6125.LA.5.0,Occhi-cm6125-la5.0-vendor-dev.xml,Turbox-QCM6125.LA.5.0,Occhi-cm6125-la5.0-vendor-factory.xml,2025/6/4 11:27,
1136,Zing_OTA,Turbox-Snapdragon_High_2019.SPF.3.0,daily/Zing-sm7125-la3.0-launcher-EU/static.daily.Zing-sm7125-la3.0-launcher-EU-20250429.1828.xml,Turbox-Snapdragon_High_2019.SPF.3.0, Zing-sm7125-la3.0-launcher-EU-OTA10,2025/6/4 18:17,
1137,PlusWin,Turbox-QCM6490.WP.1.0,qcom-base/QCM6490.WP.1.0-amss_standard_oem-r00329.1.xml,Turbox-QCM6490.WP.1.0,PlusWin-qcm6490-wp1.0-dev.xml,2025/6/5 19:28,
1138,Rob_3DScanner,Turbox-QCS6490.UBUN.1.0,turbox-c6490-lu1.0-dev.release.CS.r002002.xml,Turbox-QCS6490.UBUN.1.0,Rob_3DScanner-c6490-lu1.0-dev.xml,2025/6/6 16:31,
1139,Hyland,Turbox-QCM6490.LA.4.0,Hyland-Pnc660-vendor-dev.xml,Turbox-QCM6490.LA.4.0,Hyland-Pnc660-Vendor-0514-dev.xml,2025/6/12 10:34,
1140,Inception_us,Turbox-INTELLIGENT.SDK.1.0,turbox-qim-sdk-1.0-dev.xml,Turbox-INTELLIGENT.SDK.1.0,Inception_us-qim-sdk-1.0-dev.xml,2025/6/26 5:52,
1141,Product_X060ÊéßÂà∂Êù?,Turbox-QCS6490.UBUN.1.0,daily/X060-c6490p-lu1.0-dev/static.daily.X060-c6490p-lu1.0-dev-20240507.0928.xml,Turbox-QCS6490.UBUN.1.0,X060-c6490p-lu1.0-release,2025/6/26 12:41,
1142,IOT_PowerStation,Turbox-QCS6490.UBUN.1.0,daily/turbox-eb3g2-lu1.0-dev/static.daily.turbox-eb3g2-lu1.0-dev-20250311.1133.xml,Turbox-QCS6490.UBUN.1.0,turbox-eb3g2-lu1.0-iot-powerstation-dev.xml,2025/6/26 18:04,
1143,Product_X060ÊéßÂà∂Êù?,Turbox-QCS6490.UBUN.1.0,X060-c6490p-lu1.0-dev.xml,Turbox-QCS6490.UBUN.1.0,X060-c6490p-lu1.0-release,2025/6/26 18:16,
1144,TurboX_T72GM,Turbox-MDM9607.LE.2.1.3,qcom-base/MDM9607.LE.2.1.3-r00154.4.xml,Turbox-MDM9607.LE.2.1.3,turbox-t9x07-le2.1.3-dev,2025/6/27 19:23,
1145,CROWN,Turbox-QCM6490.LA.3.2,CROWN-c6490-la3.2-vendor-dev.xml,Turbox-QCM6490.LA.3.2,CROWN-c6490-la3.2-vendor-factory,2025/7/1 13:52,
1146,CROWN,Turbox-QCM6490.LA.3.2,CROWN-c6490-la3.2-qssi13-dev.xml,Turbox-QCM6490.LA.3.2,CROWN-c6490-la3.2-qssi13-factory,2025/7/1 13:51,
1147,NEXT,Turbox-QCM6490.LA.3.2,qcom-base/QCM6490.LA.3.2-qssi13-r00058.2a.xml,Turbox-QCM6490.LA.3.2,Controller-c6490-la3.2-qssi13-dev.xml,2025/7/4 10:51,
1148,NEXT,Turbox-QCM6490.LA.3.2,qcom-base/QCM6490.LA.3.2-vendor-r00058.2a.xml,Turbox-QCM6490.LA.3.2,Controller-c6490-la3.2-vendor-dev.xml,2025/7/4 10:57,
1149,Rob_Earth,Turbox-Qualcomm_Linux.SPF.1.0,Rob-Earth-qcs9100-le1.0-r1.0_00075.0-dev.xml,Turbox-Qualcomm_Linux.SPF.1.0,Rob_Earth-Hyundai-qcs9100-le-dev.xml,2025/7/8 10:52,
1150,Stellar,Turbox-QCS8550.LE.1.0,turbox-c8550-le1.0-dev.release.FC.r001002.xml,Turbox-QCS8550.LE.1.0,Stellar-c8550-le1.0-dev,2025/7/11 13:49,
1151,Stellar,Turbox-QCS8550.LE.1.0,turbox-c8550-le1.0-dev.release.FC.r001002.xml,Turbox-QCS8550.LE.1.0,Stellar-c8550-le1.0-dev,2025/7/11 13:52,
1152,PlusWin,Turbox-QCM6490.WP.1.0,daily/PlusWin-qcm6490-wp1.0-dev/static.daily.PlusWin-qcm6490-wp1.0-dev-202507141539.xml,Turbox-QCM6490.WP.1.0,PlusWin-qcm6490-wp1.0-factory.xml,2025/7/16 12:17,
1153,Foresight,Turbox-Hamoa.WP.1.0,daily/Foresight-sc8340xp-wp.1.0-dev/static.daily.Foresight-sc8340xp-wp.1.0-dev-202507140035.xml,Turbox-Hamoa.WP.1.0,Foresight-sc8340xp-wp.1.0-Secboot.xml,2025/7/16 17:11,
1154,Plug,Turbox-Snapdragon_Mid_2022.SPF.2.0,./Plug-snapdragon_mid_2022_spf.2.0-vendor-dev.xml,Turbox-Snapdragon_Mid_2022.SPF.2.0,Plug-snapdragon_mid_2022_spf.2.0-vendor-ROW_RG880_JP.xml,2025/7/21 14:38,
1155,Plug,Turbox-Snapdragon_Mid_2022.SPF.2.0,./Plug-snapdragon_mid_2022_spf.2.0-qssi14-dev.xml,Turbox-Snapdragon_Mid_2022.SPF.2.0,Plug-snapdragon_mid_2022_spf.2.0-qssi14-ROW_RG880_JP.xml,2025/7/21 14:39,
1156,Wos6490P_NUC,Turbox-QCM6490.LA.3.1,rb3gen2-c6490-la3.1-vendor-dev.xml,Turbox-QCM6490.LA.3.1,Wos6490P_NUC-c6490-la3.1-vendor.xml,2025/7/23 17:28,
1157,Wos6490P_NUC,Turbox-QCM6490.LA.3.1,rb3gen2-c6490-la3.1-qssi13-dev.xml,Turbox-QCM6490.LA.3.1,Wos6490P_NUC-c6490-la3.1-qssi.xml,2025/7/23 17:29,
1158,Plug,Turbox-Snapdragon_Mid_2022.SPF.2.0,./Plug-snapdragon_mid_2022_spf.2.0-vendor-dev.xml,Turbox-Snapdragon_Mid_2022.SPF.2.0,Kyle-snapdragon_mid_2022_spf.2.0-vendor-dev,2025/7/23 18:42,
1159,Plug,Turbox-Snapdragon_Mid_2022.SPF.2.0,./Plug-snapdragon_mid_2022_spf.2.0-qssi14-dev.xml,Turbox-Snapdragon_Mid_2022.SPF.2.0,Kyle-snapdragon_mid_2022_spf.2.0-qssi14-dev,2025/7/23 18:42,
1160,Poc_9100M_DK,Turbox-Qualcomm_Linux.SPF.1.0,turbox-qcs9100-le1.0-r1.0_00075.0-dev.xml,Turbox-Qualcomm_Linux.SPF.1.0,turbox-devkit-qcs9100-le-dev.xml,2025/7/24 9:48,
1161,Kyle,Turbox-Snapdragon_Mid_2022.SPF.2.0,daily/Plug-snapdragon_mid_2022_spf.2.0-vendor-dev/static.daily.Plug-snapdragon_mid_2022_spf.2.0-vendor-dev-20250719.0411.userdebug.xml,Turbox-Snapdragon_Mid_2022.SPF.2.0,Kyle-snapdragon_mid_2022_spf.2.0-vendor-dev.xml,2025/7/24 13:26,
1162,Kyle,Turbox-Snapdragon_Mid_2022.SPF.2.0,daily/Plug-snapdragon_mid_2022_spf.2.0-qssi14-dev/static.daily.Plug-snapdragon_mid_2022_spf.2.0-qssi14-dev-20241007.0103.userdebug.xml,Turbox-Snapdragon_Mid_2022.SPF.2.0,Kyle-snapdragon_mid_2022_spf.2.0-qssi14-dev.xml,2025/7/24 13:27,
1163,CleanEye,Turbox-QCM6490.LA.3.2,qcom-base/QCM6490.LA.3.2-vendor-r00058.2a.xml,Turbox-QCM6490.LA.3.2,CleanEye-c6490-la3.2-vendor-dev.xml,2025/7/28 11:42,
1164,CleanEye,Turbox-QCM6490.LA.3.2,qcom-base/QCM6490.LA.3.2-qssi13-r00058.2a.xml,Turbox-QCM6490.LA.3.2,CleanEye-c6490-la3.2-qssi13-dev.xml,2025/7/28 11:45,
1165,Puzzle_EV1,Snapdragon_Premium_High_2023.SPF.1.0,Puzzle-Snapdragon_Premium_High_2023.SPF.1.0-qssi-dev-r1.0.r1_00044.0.xml,Snapdragon_Premium_High_2023.SPF.1.0,Puzzle-Snapdragon_Premium_High_2023.SPF.1.0-qssi-factory-r1.0.r1_00044.0.xml,2025/7/30 14:45,
1166,Puzzle_EV1,Snapdragon_Premium_High_2023.SPF.1.0,Puzzle-Snapdragon_Premium_High_2023.SPF.1.0-vendor-dev-r1.0.r1_00044.0.xml,Snapdragon_Premium_High_2023.SPF.1.0,Puzzle-Snapdragon_Premium_High_2023.SPF.1.0-vendor-factory-r1.0.r1_00044.0.xml,2025/7/30 14:46,
1167,PFR_ToF,Turbox-Qualcomm_Linux.SPF.1.0,RubikPi-c6490p-le1.0-dev.xml,Turbox-Qualcomm_Linux.SPF.1.0,pfr.tof-c6490p-le1.0-r00097.0-dev,2025/8/5 19:04,
1168,CES2026_Smart_HL,Turbox-Snapdragon_Premium_High_2024.SPF.1.0,turbox-c8750-la1.0-vendor-dev.release.Pre-ES.r000001.xml,Turbox-Snapdragon_Premium_High_2024.SPF.1.0,ces2026_smart_hl_c8750-la.1.0-vendor.xml,2025/8/6 13:17,
1169,CES2026_Smart_HL,Turbox-Snapdragon_Premium_High_2024.SPF.1.0,turbox-c8750-la1.0-qssi15-dev.release.Pre-ES.r000001.xml,Turbox-Snapdragon_Premium_High_2024.SPF.1.0,ces2026_smart_hl_c8750-la.1.0-qssi.xml,2025/8/6 13:15,
1170,Dublin,Dublin_OPC-QCS8250.LA.2.0,Dublin_OPC-c865c-la2.0-mdep-dev.xml,Dublin_OPC-QCS8250.LA.2.0, Dublin_OPC-c865c-la2.0-mdep-dev-temp.xml,2025/8/13 16:26,
1171,Stellar,Turbox-QCS8550.LE.1.0,turbox-c8550-le1.0-dev.release.FC.r001004.xml,Turbox-QCS8550.LE.1.0,Stellar-r001004-c8550-le1.0-dev,2025/8/14 15:33,
1172,Hex,Turbox-Snapdragon_Mid_2022.SPF.2.0,Hyland-Pnc660-qssi14-call-dev.xml,Turbox-Snapdragon_Mid_2022.SPF.2.0,Hiker-Pnc660-qssi14-10-dev.xml,2025/8/15 8:57,
1173,Hex,Turbox-QCM6490.LA.4.0,Hyland-Pnc660-vendor-call-dev.xml,Turbox-QCM6490.LA.4.0,Hiker-Pnc660-vendor-10-dev.xml,2025/8/15 9:01,
1174,Dublin,MDEP-Cres_Phenix-common-release,Dublin_OPC-c865c-la2.0-mdep-msft.xml,MDEP-Cres_Phenix-common-release,Crestron_OPC-c865c-la2.0-mdep-msft-dev.xml,2025/8/15 10:40,
1175,Plum,Turbox-Snapdragon_Mid_2022.SPF.2.0,./Plug-snapdragon_mid_2022_spf.2.0-qssi14-dev.xml,Turbox-Snapdragon_Mid_2022.SPF.2.0,RugGear-IS440-qssi14-450M-dev.xml,2025/8/15 18:42,
1176,Plum,Turbox-QCM6490.LA.5.0,Common-QCM6490-LA5.0-vendor-dev.xml,Turbox-QCM6490.LA.5.0,panda-c6490-la5.0-vendor-IS440-450M-dev,2025/8/15 18:44,
1177,Rob_Code_Management,Turbox-QCS8550.UBUN.1.0,turbox-qcs8550-lu1.0-dev.xml,Turbox-QCS8550.UBUN.1.0,Rob_Code_management-qcs8550-lu1.0-dev.xml,2025/8/18 10:40,
1178,Capetown,Turbox-QCM8550.LA.1.1,qcom-base/QCM8550.LA.1.1-vendor-r00049.2.xml,Turbox-QCM8550.LA.1.1,capetown-qcm8550-la1.1-vendor-dev.xml,2025/8/19 10:44,
1179,Capetown,Turbox-QCM8550.LA.1.1,qcom-base/QCM8550.LA.1.1-qssi13-r00049.2.xml,Turbox-QCM8550.LA.1.1,capetown-qcm8550-la1.1-qssi13-dev.xml,2025/8/19 10:44,
1180,Capetown,Turbox-QCM8550.LA.1.1,qcom-base/QCM8550.LA.1.1-le-r00049.2.xml,Turbox-QCM8550.LA.1.1,capetown-qcm8550-la1.1-le-dev.xml,2025/8/19 10:45,
1181,Beloved,Turbox-Snapdragon_Premium_High_2024.SPF.2.0,qcom-base/Snapdragon_Premium_High_2024.SPF.2.0-vendor-apq-r2.0.r1_00013.1.xml,Turbox-Snapdragon_Premium_High_2024.SPF.2.0,Beloved-Snapdragon_Premium_High_2024.SPF.2.0-vendor.xml,2025/8/20 17:51,
1182,Beloved,Turbox-Snapdragon_Premium_High_2024.SPF.2.0,qcom-base/Snapdragon_Premium_High_2024.SPF.2.0-le-apq-r2.0.r1_00013.1.xml,Turbox-Snapdragon_Premium_High_2024.SPF.2.0,Beloved-Snapdragon_Premium_High_2024.SPF.2.0-le.xml,2025/8/20 17:51,
1183,Beloved,Turbox-Snapdragon_Premium_High_2024.SPF.2.0,qcom-base/Snapdragon_Premium_High_2024.SPF.2.0-qssi16-apq-r2.0.r1_00013.1.xml,Turbox-Snapdragon_Premium_High_2024.SPF.2.0,Beloved-Snapdragon_Premium_High_2024.SPF.2.0-qssi16.xml,2025/8/20 17:51,
1184,Plum,Turbox-Snapdragon_Mid_2022.SPF.2.0,./Plug-snapdragon_mid_2022_spf.2.0-qssi14-dev.xml,Turbox-Snapdragon_Mid_2022.SPF.2.0,RugGear-IS540-qssi14-450M-dev.xml,2025/8/20 15:45,
1185,Plum,Turbox-QCM6490.LA.5.0,Common-QCM6490-LA5.0-vendor-dev.xml,Turbox-QCM6490.LA.5.0,panda-c6490-la5.0-vendor-IS540-450M-dev,2025/8/20 15:47,
1186,CES2026_Smart_HL,Turbox-Snapdragon_Premium_High_2024.SPF.1.0,turbox-c8750-la1.0-qssi15-dev.release.Pre-ES.r000001.xml,Turbox-Snapdragon_Premium_High_2024.SPF.1.0,ai-refrigerator_ces2026_smart_hl_c8750-la.1.0-qssi.xml,2025/8/20 16:59,
1187,CES2026_Smart_HL,Turbox-Snapdragon_Premium_High_2024.SPF.1.0,turbox-c8750-la1.0-vendor-dev.release.Pre-ES.r000001.xml,Turbox-Snapdragon_Premium_High_2024.SPF.1.0,ai-refrigerator_ces2026_smart_hl_c8750-la.1.0-vendor.xml,2025/8/20 17:01,
1188,Foresight,Turbox-Hamoa.WP.1.0,qcom-base/Hamoa.WP.1.0-r07800.3.xml,Turbox-Hamoa.WP.1.0,Turbox-Hamoa.WP.1.0 -m Foresight-ModsDebug-sc8340xp-wp.1.0-dev.xml,2025/8/21 10:53,
1189,Foresight,Turbox-Hamoa.WP.1.0,daily/Foresight-sc8340xp-wp.1.0-dev/static.daily.Foresight-sc8340xp-wp.1.0-dev-202505080217.xml,Turbox-Hamoa.WP.1.0,Turbox-Hamoa.WP.1.0 -m Foresight-ModsDebug-sc8340xp-wp.1.0-dev.xml,2025/8/21 11:08,
1190,Plus,Turbox-Snapdragon_Mid_2022.SPF.2.0,daily/RugGear-Plus-qssi14-dev/static.daily.RugGear-Plus-qssi14-dev-20250806.1345.user.xml,Turbox-Snapdragon_Mid_2022.SPF.2.0,RugGear-Plus-qssi14-dev-20250806.1345-CTS-TMP,2025/8/21 11:54,
1191,Plus,Turbox-QCM6490.LA.3.0,daily/panda-c6490-la3.0-vendor-IS940-Uosv-dev/static.daily.panda-c6490-la3.0-vendor-IS940-Uosv-dev-20250806.1345.user.xml,Turbox-QCM6490.LA.3.0,panda-c6490-la3.0-vendor-IS940-Uosv-dev-20250806.1345-CTS-TMP,2025/8/21 11:55,
1192,PlusWin,Turbox-QCM6490.WP.1.0,qcom-base/QCM6490.WP.1.0-r00358.1.xml,Turbox-QCM6490.WP.1.0,PlusWin-qcm6490-wp1.0-dev2.xml,2025/8/23 14:56,
1193,Plug,Turbox-QCM6490.LA.5.0,Common-qssi15-dev.xml,Turbox-QCM6490.LA.5.0,panda-c6490-la5.0-vendor-IS540-450M-dev.xml,2025/8/23 15:59,
1194,Plug,Turbox-Snapdragon_Mid_2022.SPF.2.0,./Plug-snapdragon_mid_2022_spf.2.0-qssi14-dev.xml,Turbox-Snapdragon_Mid_2022.SPF.2.0,RugGear-IS540-qssi14-450M-dev.xml,2025/8/23 16:01,
1195,Olive,Turbox-Snapdragon_Mid_2022.SPF.2.0,Olive-snapdragon_mid_2022_spf.2.0-qssi14-dev.xml,Turbox-Snapdragon_Mid_2022.SPF.2.0, Olive-snapdragon_mid_2022_spf.2.0-qssi14-Keyence-Tlog-dev.xml,2025/8/25 9:21,
1196,Olive,Snapdragon_Premium_High_2023.SPF.1.0,./Olive-Snapdragon_Premium_High_2023.SPF.1.0-vendor-dev-r1.0.r1_00044.0.xml,Snapdragon_Premium_High_2023.SPF.1.0,Olive-Snapdragon_Premium_High_2023.SPF.1.0-vendor-Keyence-Tlog-dev.xml,2025/8/25 10:17,
1199,Lumo_PoC,Turbox-QCM8550.LA.2.0,turbox-qcm8550-la2.0-vendor-dev.xml,Turbox-QCM8550.LA.2.0,Lumo-qcm8550-la2.0-vendor-dev.xml ,2025/8/25 14:15,
1200,Lumo_PoC,Turbox-QCM8550.LA.2.0,turbox-qcm8550-la2.0-qssi15-dev.xml,Turbox-QCM8550.LA.2.0,Lumo-qcm8550-la2.0-qssi15-dev.xml ,2025/8/25 14:16,
1201,Lumo_PoC,Turbox-QCM8550.LA.2.0,turbox-qcm8550-la2.0-le-dev.xml,Turbox-QCM8550.LA.2.0,Lumo-qcm8550-la2.0-le-dev.xml ,2025/8/25 14:17,
1202,Dublin,Dublin_OPC-QCS8250.LA.2.0,Crestron_OPC-c865c-la2.0-dev.xml,Dublin_OPC-QCS8250.LA.2.0,Crestron_OPC-c865c-la2.0-mdep-msft-dev.xml,2025/8/25 16:00,
1203,keyboard_03,Turbox-QCM6490.LA.3.0,turbox-c6490p-la3.0-vendor-dev.xml,Turbox-QCM6490.LA.3.0,keyboard-c6490p-la3.0-vendor-dev.xml,2025/8/26 10:11,
1204,keyboard_03,Turbox-QCM6490.LA.3.0,turbox-c6490p-la3.0-qssi13-dev.xml,Turbox-QCM6490.LA.3.0,keyboard-c6490p-la3.0-qssi13-dev.xml,2025/8/26 10:11,
1205,Hyland,Turbox-QCM6490.LA.4.0,daily/Hyland-Pnc660-vendor-call-dev/static.daily.Hyland-Pnc660-vendor-call-dev-20250815.0053.userdebug.xml,Turbox-QCM6490.LA.4.0,Hiker-Pnc660-vendor-R47-dev.xml,2025/8/27 15:24,
1206,Plum,Turbox-Snapdragon_Mid_2022.SPF.2.0,daily/RugGear-Plum-qssi14-dev/static.daily.RugGear-Plum-qssi14-dev-20250731.0148.user.xml,Turbox-Snapdragon_Mid_2022.SPF.2.0,RugGear-Plum-qssi14-dev-20250731.0148-SMR,2025/9/1 7:29,
1207,Plum,Turbox-QCM6490.LA.2.0,daily/Plum-c6490-la2.0-Uosv-vendor-dev/static.daily.Plum-c6490-la2.0-Uosv-vendor-dev-20250731.0148.user.xml,Turbox-QCM6490.LA.2.0,Plum-c6490-la2.0-Uosv-vendor-dev-20250731.0148-SMR,2025/9/1 11:22,
1208,Plug,Turbox-Snapdragon_Mid_2022.SPF.2.0,daily/Plug-snapdragon_mid_2022_spf.2.0-qssi14-Row_IS880-dev/static.daily.Plug-snapdragon_mid_2022_spf.2.0-qssi14-Row_IS880-dev-20250731.0234.user.xml,Turbox-Snapdragon_Mid_2022.SPF.2.0,Plug-snapdragon_mid_2022_spf.2.0-qssi14-Row_IS880-dev-20250731.0234-SMR,2025/9/1 7:32,
1209,Plug,Turbox-Snapdragon_Mid_2022.SPF.2.0,daily/Plug-snapdragon_mid_2022_spf.2.0-vendor-Row_IS880-dev/static.daily.Plug-snapdragon_mid_2022_spf.2.0-vendor-Row_IS880-dev-20250731.0234.user.xml,Turbox-Snapdragon_Mid_2022.SPF.2.0,Plug-snapdragon_mid_2022_spf.2.0-vendor-Row_IS880-dev-20250731.0234-SMR,2025/9/1 7:32,
1210,UTA,UTA-QCS8550.LE.1.0,UTA-Ryoma_BRB-c8550-le1.0-dev.xml,UTA-QCS8550.LE.1.0, UTA-Ryoma_BRB-c8550-le1.0-IMX410-dev,2025/9/1 10:33,
1211,CES2026_Smart_HL,Turbox-QCM6690.LA.1.0,turbox-c6690-la1.0-vendor-dev.xml,Turbox-QCM6690.LA.1.0,ces2026_smart_hl_c6690-la1.0-vendor-dev,2025/9/2 10:38,
1212,CES2026_Smart_HL,Turbox-QCM6690.LA.1.0,turbox-c6690-la1.0-qssi-dev.xml,Turbox-QCM6690.LA.1.0,ces2026_smart_hl_c6690-la1.0-qssi-dev,2025/9/2 10:41,
1213,CES2026_Smart_HL,Turbox-QCM6690.LA.1.0,turbox-c6690-la1.0-le-dev.xml,Turbox-QCM6690.LA.1.0,ces2026_smart_hl_c6690-la1.0-le-dev,2025/9/2 10:41,
1214,Puzzle_EV1,Snapdragon_Premium_High_2023.SPF.1.0,Puzzle-Snapdragon_Premium_High_2023.SPF.1.0-le-dev-r1.0.r1_00044.0.xml,Snapdragon_Premium_High_2023.SPF.1.0, Puzzle-Snapdragon_Premium_High_2023.SPF.1.0-le-dev-r1.0.r1_00044.0_EV2.xml,2025/9/2 11:04,
1215,Puzzle_EV1,Snapdragon_Premium_High_2023.SPF.1.0,Puzzle-Snapdragon_Premium_High_2023.SPF.1.0-qssi-dev-r1.0.r1_00044.0.xml,Snapdragon_Premium_High_2023.SPF.1.0, Puzzle-Snapdragon_Premium_High_2023.SPF.1.0-qssi-dev-r1.0.r1_00044.0_EV2.xml,2025/9/2 11:08,
1216,Puzzle_EV1,Snapdragon_Premium_High_2023.SPF.1.0,Puzzle-Snapdragon_Premium_High_2023.SPF.1.0-vendor-dev-r1.0.r1_00044.0.xml,Snapdragon_Premium_High_2023.SPF.1.0, Puzzle-Snapdragon_Premium_High_2023.SPF.1.0-vendor-dev-r1.0.r1_00044.0_EV2.xml,2025/9/2 11:09,
1217,CleanEye,Turbox-QCM6490.LA.3.2,qcom-base/QCM6490.LA.3.2-qssi13-r00058.2a.xml,Turbox-QCM6490.LA.3.2,CleanEye-c6490-la3.2-qssi13-release.xml,2025/9/2 14:59,
1218,CleanEye,Turbox-QCM6490.LA.3.2,qcom-base/QCM6490.LA.3.2-vendor-r00058.2a.xml,Turbox-QCM6490.LA.3.2,CleanEye-c6490-la3.2-vendor-release.xml,2025/9/2 15:00,
1219,Pre_Blink2,Turbox-QCM6490.LA.3.1,MDEP-c6490p-la3.1-mdep-dev.xml,Turbox-QCM6490.LA.3.1,‰∏çÂàõÂª?2025-09-03 14:30:41,,
1220,xiaoPing_Island,Turbox-CQ8750.LA.1.0,qcom-base/CQ8750.LA.1.0-le-r00001.2b.xml,Turbox-CQ8750.LA.1.0,xiaoPing_Island-cq8750-la1.0-le-dev.xml,2025/9/4 17:50,
1221,xiaoPing_Island,Turbox-CQ8750.LA.1.0,qcom-base/CQ8750.LA.1.0-qssi15-r00001.2b.xml,Turbox-CQ8750.LA.1.0,xiaoPing_Island-cq8750-la1.0-qssi15-dev.xml,2025/9/4 17:51,
1222,xiaoPing_Island,Turbox-CQ8750.LA.1.0,qcom-base/CQ8750.LA.1.0-vendor-r00001.2b.xml,Turbox-CQ8750.LA.1.0,xiaoPing_Island-cq8750-la1.0-vendor-dev.xml,2025/9/4 17:51,
1223,Hiker,Turbox-QCM6490.LA.6.0,qcom-base/QCM6490.LA.6.0-vendor-r00013.1.xml,Turbox-QCM6490.LA.6.0,Common-QCM6490-LA6.0-vendor-dev,2025/9/5 17:39,
1224,Hiker,Turbox-QCM6490.LA.6.0,qcom-base/QCM6490.LA.6.0-qisi-r00013.1.xml,Turbox-QCM6490.LA.6.0,Common-qssi16-dev,2025/9/5 17:43,
1225,Fridge_4210LE,Turbox-QRB4210.LE.1.1,qcom-base/QRB4210.LE.1.1-r00029.1.xml,Turbox-QRB4210.LE.1.1,fridge_4210le-qrb4210-le1.1-dev.xml,2025/9/8 10:52,
1226,Plug,Turbox-Snapdragon_Mid_2022.SPF.2.0,./Plug-snapdragon_mid_2022_spf.2.0-qssi14-dev.xml,Turbox-Snapdragon_Mid_2022.SPF.2.0,Plug-snapdragon_mid_2022_spf.2.0-qssi14-QR-dev.xml,2025/9/9 14:31,
1227,Perfume,Turbox-Snapdragon_Mid_2022.SPF.2.0,Kyle-snapdragon_mid_2022_spf.2.0-qssi14-dev.xml,Turbox-Snapdragon_Mid_2022.SPF.2.0,Perfume-snapdragon_mid_2022_spf.2.0-qssi14-dev,2025/9/10 15:06,
1228,Perfume,Turbox-Snapdragon_Mid_2022.SPF.2.0,Kyle-snapdragon_mid_2022_spf.2.0-vendor-dev.xml,Turbox-Snapdragon_Mid_2022.SPF.2.0,Perfume-snapdragon_mid_2022_spf.2.0-vendor-dev,2025/9/10 15:06,
1229,SOMSupport_EU,Turbox-QCM6490.LA.3.0,turbox-c6490p-la3.0-qssi13-dev.xml,Turbox-QCM6490.LA.3.0,turbox-c6490p-la3.0-qssi13-dev-EU-Support-4.xml,2025/9/11 17:56,
1230,SOMSupport_EU,Turbox-QCM6490.LA.3.0,turbox-c6490p-la3.0-vendor-dev.xml,Turbox-QCM6490.LA.3.0,turbox-c6490p-la3.0-vendor-dev-EU-Support-4.xml,2025/9/11 17:57,
1231,Hiker,Turbox-QCM6490.LA.6.0,Common-QCM6490-LA6.0-vendor-dev.xml,Turbox-QCM6490.LA.6.0,Hiker-450M-vendor-dev.xml,2025/9/12 11:25,
1232,Hiker,Turbox-QCM6490.LA.6.0,Common-qssi16-dev.xml,Turbox-QCM6490.LA.6.0,Hiker-450M-qss16-dev.xml,2025/9/12 11:25,
1233,Pre_Blink2,Turbox-QCM6490.LA.5.1,qcom-base/QCM6490.LA.5.1-vendor-r00003.2.xml,Turbox-QCM6490.LA.5.1,Blink2-c6490p-la5.1-qssi15-qcom.xml,2025/9/12 16:13,
1234,ErebusII,Turbox-Qualcomm_Linux.SPF.1.0,qcom-base/Qualcomm_Linux.SPF.1.0-r1.0_00097.0.xml,Turbox-Qualcomm_Linux.SPF.1.0,ErebusII-c6490-le1.0-r00097.0-dev.xml,2025/9/13 15:08,
1235,Plutoo,Turbox-QCM6490.LA.5.0,./panda-c6490-la5.0-vendor-IS540-450M-dev.xml,Turbox-QCM6490.LA.5.0,panda-c6490-la5.0-vendor-IS540-450M-factory.xml,2025/9/15 15:42,
1236,Plutoo,Turbox-Snapdragon_Mid_2022.SPF.2.0,./RugGear-IS540-qssi14-450M-dev.xml,Turbox-Snapdragon_Mid_2022.SPF.2.0,RugGear-IS540-qssi14-450M-factory.xml,2025/9/15 15:43,
1237,Rob_Code_Management,Turbox-QCS8550.UBUN.1.0,Rob_Code_management-qcs8550-lu1.0-dev.xml,Turbox-QCS8550.UBUN.1.0,Rob_Booster-qcs8550-lu-dev.xml,2025/9/18 17:22,
1238,CES2026_Smart_HL,Turbox-QCS8550.LE.1.0,turbox-c8550-le1.0-dev.xml,Turbox-QCS8550.LE.1.0,CES-2026-8550-ams-c8550-le1.0-dev.xml,2025/9/19 19:09,
1239,Pre_Blink2,Turbox-QCM6490.LA.3.1,./MDEP-c6490p-la3.1-vendor-dev.xml,Turbox-QCM6490.LA.3.1,2026CES-c6490p-la3.1-vendor-dev.xml,2025/9/22 11:26,
1240,Pre_Blink2,Turbox-QCM6490.LA.3.1,./MDEP-c6490p-la3.1-qssi13-dev.xml,Turbox-QCM6490.LA.3.1,2026CES-c6490p-la3.1-qssi13-dev.xml,2025/9/22 11:28,
1241,EBC_OB01,Turbox-QCS6490.UBUN.1.0,turbox-eb3g2-lu1.0-dev.xml,Turbox-QCS6490.UBUN.1.0,turbox-eb3g2-lu1.0-obvio-dev.xml,2025/9/22 13:49,
1242,JoyRide,Turbox-Qualcomm_Linux.SPF.1.0,turbox-c6490p-le1.0-r00039.2-dev.xml,Turbox-Qualcomm_Linux.SPF.1.0,Clutterbot-c6490p-le1.0-dev.xml,2025/9/23 18:17,
1243,PlusWin,Turbox-QCM6490.WP.1.0,daily/PlusWin-qcm6490-wp1.0-factory/static.daily.PlusWin-qcm6490-wp1.0-factory-202509240905.xml,Turbox-QCM6490.WP.1.0,PlusWin-qcm6490-wp1.0-factory329.xml,2025/9/24 13:43,
1244,EBC_OB01,Turbox-QRB5165.UBUN.1.0,turbox-eb5s-lu1.0-dev.xml,Turbox-QRB5165.UBUN.1.0,turbox-eb5s-lu1.0-obvio-dev.xml,2025/9/24 17:07,
1245,CROWN,Turbox-QCM6490.LA.3.2,CROWN-c6490-la3.2-vendor-dev.xml,Turbox-QCM6490.LA.3.2,CROWN-c6490-la3.2-vendor-release.xml,2025/9/26 12:05,
1246,CROWN,Turbox-QCM6490.LA.3.2,CROWN-c6490-la3.2-qssi13-dev.xml,Turbox-QCM6490.LA.3.2, CROWN-c6490-la3.2-qssi13-release.xml,2025/9/26 12:08,
1247,CES2026_Smart_HL,Turbox-QCM8550.LA.1.1,qcom-base/QCM8550.LA.1.1-le-r00049.2.xml,Turbox-QCM8550.LA.1.1,2026-CES-8550-AMS-LA-1.1_le,2025/9/26 15:25,
1248,CES2026_Smart_HL,Turbox-QCM8550.LA.1.1,qcom-base/QCM8550.LA.1.1-qssi13-r00049.2.xml,Turbox-QCM8550.LA.1.1,2026-CES-8550-AMS-LA-1.1_qssi13,2025/9/26 15:25,
1249,CES2026_Smart_HL,Turbox-QCM8550.LA.1.1,qcom-base/QCM8550.LA.1.1-vendor-r00049.2.xml,Turbox-QCM8550.LA.1.1,2026-CES-8550-AMS-LA-1.1_vendor,2025/9/26 15:26,
1250,CROWN,Turbox-QCM6490.LA.3.2,CROWN-c6490-la3.2-qssi13-dev.xml,Turbox-QCM6490.LA.3.2,CROWN-c6490-la3.2-qssi13-dev-optimization.xml,2025/9/28 14:22,
1251,CROWN,Turbox-QCM6490.LA.3.2,CROWN-c6490-la3.2-vendor-dev.xml,Turbox-QCM6490.LA.3.2,CROWN-c6490-la3.2-vendor-dev-optimization.xml,2025/9/28 14:49,
1252,Rim_8550,Turbox-QCM8550.LA.2.0,turbox-qcm8550-la2.0-vendor-dev.xml,Turbox-QCM8550.LA.2.0,rim-8550-la2.0-vendor-dev.xml,2025/10/9 14:48,
1253,Rim_8550,Turbox-QCM8550.LA.2.0,turbox-qcm8550-la2.0-qssi15-dev.xml,Turbox-QCM8550.LA.2.0,rim-8550-la2.0-qssi15-dev.xml,2025/10/9 14:49,
1254,Rim_8550,Turbox-QCM8550.LA.2.0,turbox-qcm8550-la2.0-le-dev.xml,Turbox-QCM8550.LA.2.0,rim-8550-la2.0-le-dev.xml,2025/10/9 14:49,
1255,army_04,Turbox-Qualcomm_Linux.SPF.1.0,RubikPi-c6490p-le1.0-dev.xml,Turbox-Qualcomm_Linux.SPF.1.0,army_04-RubikPi-c6490p-le1.0-dev.xml,2025/10/9 16:49,
1256,TurboX_T72GM,Turbox-T7x.LE.1.0,turbox-t75-le1.0-pcie-ep-dev.xml,Turbox-T7x.LE.1.0,turbox-t75-le1.0-pcie-ep-Hyundai.xml,2025/10/10 11:19,
1257,TreeFrog_UCC6490P,Turbox-QCM6490.LA.5.1,vc-qcm6490-la5.1-vendor-core.xml,Turbox-QCM6490.LA.5.1,TreeFrog-qcm6490-la5.1-vendor-dev.xml,2025/10/10 11:44,
1258,Pre_Panola,Turbox-QCM6490.LA.5.1,./vc-qcm6490-la5.1-qssi15-core.xml,Turbox-QCM6490.LA.5.1, ./Panola-qcm6490-la5.1-qssi15-factory.xml,2025/10/10 17:19,
1259,Plug,Turbox-Snapdragon_Mid_2022.SPF.2.0,./Plug-snapdragon_mid_2022_spf.2.0-qssi14-dev.xml,Turbox-Snapdragon_Mid_2022.SPF.2.0,Plug-snapdragon_mid_2022_spf.2.0-qssi14-ROW_RG880_SUB.xml,2025/10/10 17:57,
1260,Plug,Turbox-Snapdragon_Mid_2022.SPF.2.0,./Plug-snapdragon_mid_2022_spf.2.0-vendor-dev.xml,Turbox-Snapdragon_Mid_2022.SPF.2.0,Plug-snapdragon_mid_2022_spf.2.0-vendor-ROW_RG880_SUB.xml,2025/10/10 17:58,
1261,Hiker,Turbox-QCM6490.LA.4.0,Hyland-Pnc660-vendor-factory.xml,Turbox-QCM6490.LA.4.0,Hiker-Pnc660-vendor-10-factory.xml,2025/10/11 18:19,
1262,Hiker,Turbox-Snapdragon_Premium_High_2022.SPF.1.0,Hyland-Pnc660-vendor-factory.xml,Turbox-Snapdragon_Premium_High_2022.SPF.1.0,Hiker-Pnc660-qssi14-10-factory.xml,2025/10/11 19:01,
1263,Hiker,Turbox-Snapdragon_Mid_2022.SPF.2.0,Hyland-Pnc660-qssi14-factory.xml,Turbox-Snapdragon_Mid_2022.SPF.2.0,Hiker-Pnc660-qssi14-10-factory.xml,2025/10/11 19:54,
1264,Plum,Turbox-Snapdragon_Mid_2022.SPF.2.0,daily/RugGear-Plum-qssi14-RG540_NOKIA_ROW/static.daily.RugGear-Plum-qssi14-RG540_NOKIA_ROW-20250429.1141.user.xml,Turbox-Snapdragon_Mid_2022.SPF.2.0,RugGear-Plum-qssi14-RG540_NOKIA_ROW-20250429.1141-SMR,2025/10/11 20:17,
1265,Plum,Turbox-Snapdragon_Mid_2022.SPF.2.0,daily/RugGear-Plum-qssi14-NOKIA_B68_EEA/static.daily.RugGear-Plum-qssi14-NOKIA_B68_EEA-20250513.1027.userdebug.xml,Turbox-Snapdragon_Mid_2022.SPF.2.0,RugGear-Plum-qssi14-NOKIA_B68_EEA-20250513.1027-SMR,2025/10/11 20:18,
1266,Plum,Turbox-QCM6490.LA.2.0,daily/Plum-c6490-la2.0-Uosv-vendor-RG540_NOKIA_ROW/static.daily.Plum-c6490-la2.0-Uosv-vendor-RG540_NOKIA_ROW-20250429.1141.user.xml,Turbox-QCM6490.LA.2.0,Plum-c6490-la2.0-Uosv-vendor-RG540_NOKIA_ROW-20250429.1141-SMR,2025/10/11 20:19,
1267,Plum,Turbox-QCM6490.LA.2.0,daily/Plum-c6490-la2.0-Uosv-vendor-NOKIA_B68_EEA/static.daily.Plum-c6490-la2.0-Uosv-vendor-NOKIA_B68_EEA-20250513.1027.userdebug.xml,Turbox-QCM6490.LA.2.0,Plum-c6490-la2.0-Uosv-vendor-NOKIA_B68_EEA-20250513.1027-SMR,2025/10/11 20:19,
